URL,Expert,Institution
https://www.bbc.co.uk/news/world-us-canada-42251921,Mark Poynting,BBC News
https://www.wired.com/story/climate-change-failing-aging-dams-us-america-catastrophe/,Steve Wilcoxen,Ypsilanti city council
https://gizmodo.com/the-workers-who-feed-america-are-going-hungry-2000476140,Lisa Ramirez,USDA’s Office of Partnerships and Public Engagement
https://gizmodo.com/the-workers-who-feed-america-are-going-hungry-2000476140,Miranda Carver Martin,University of Florida
https://gizmodo.com/the-workers-who-feed-america-are-going-hungry-2000476140,Nezahualcoyotl Xiuhtecutli,National Sustainable Agriculture Coalition
https://undark.org/2024/07/17/bury-biomass-curb-climate-change/,Hannah Murnen,Graphyte
https://undark.org/2024/07/17/bury-biomass-curb-climate-change/,Sinéad Crotty,Carbon Containment Lab
https://www.npr.org/2024/06/26/1196982368/the-consequences-of-climate-change-in-brazil,Carrie Kahn,NPR
https://gizmodo.com/what-a-kamala-harris-presidency-would-mean-for-the-climate-2000477305,Kamala Harris,N/A
https://gizmodo.com/what-a-kamala-harris-presidency-would-mean-for-the-climate-2000477305,Matt Novak,Gizmodo
https://gizmodo.com/what-a-kamala-harris-presidency-would-mean-for-the-climate-2000477305,Kylie Mohr,Grist
https://gizmodo.com/what-a-kamala-harris-presidency-would-mean-for-the-climate-2000477305,Harri Weber,Gizmodo
https://gizmodo.com/what-a-kamala-harris-presidency-would-mean-for-the-climate-2000477305,Ayurella Horn-Muller,Grist
https://gizmodo.com/what-a-kamala-harris-presidency-would-mean-for-the-climate-2000477305,Matthew Gault,Gizmodo
https://gizmodo.com/wood-vaulting-explained-the-climate-solution-youve-never-heard-of-2000477856,Grant Canary,Mast Reforestation
https://gizmodo.com/wood-vaulting-explained-the-climate-solution-youve-never-heard-of-2000477856,Zeng,Carbon Lockdown Project
https://www.npr.org/2024/07/04/nx-s1-5026730/hurricane-beryl-climate-change,Andra Garner,Rowan University in New Jersey
https://www.npr.org/2024/07/04/nx-s1-5026730/hurricane-beryl-climate-change,Jennifer Collins,School of Geosciences at the University of South Florida
https://www.npr.org/2024/07/04/nx-s1-5026730/hurricane-beryl-climate-change,Ken Graham,National Weather Service
https://www.npr.org/2024/07/04/nx-s1-5026730/hurricane-beryl-climate-change,Tom Knutson,Geophysical Fluid Dynamics Laboratory at the National Oceanic and Atmospheric Administration
https://www.wired.com/story/evaporative-cooling-devices-coolant-clay-matka-mitticool-india-heat-wave/,Nadeem Sarwar,Tech Reporter based in India
https://www.wired.com/story/evaporative-cooling-devices-coolant-clay-matka-mitticool-india-heat-wave/,Shreya Fotedar,Delhi-based journalist
https://www.npr.org/2024/07/19/nx-s1-5041975/young-republicans-advocate-climate-action,Aidan Shank,American Conservation Coalition
https://www.npr.org/2024/07/19/nx-s1-5041975/young-republicans-advocate-climate-action,Danielle Butcher Franz,American Conservation Coalition
https://www.npr.org/2024/07/19/nx-s1-5041975/young-republicans-advocate-climate-action,Stephen Perkins,American Conservation Coalition
https://www.npr.org/2024/07/19/nx-s1-5041975/young-republicans-advocate-climate-action,Karly Matthews,American Conservation Coalition
https://www.npr.org/2024/07/19/nx-s1-5041975/young-republicans-advocate-climate-action,Benji Backer,American Conservation Coalition
https://readwrite.com/google-creates-ai-weather-simulator-that-measures-climate-change/,R.Saravanan,Texas A&M University
https://readwrite.com/google-creates-ai-weather-simulator-that-measures-climate-change/,Sophie Atkinson,No specific institution (freelance writer)
https://readwrite.com/google-creates-ai-weather-simulator-that-measures-climate-change/,Sam Shedden,No specific institution (Executive Editor at ReadWrite)
https://www.npr.org/2024/07/09/nx-s1-4998591/why-judicial-appointments-by-the-next-president-are-important-to-climate-change-law,Lisa Heinzerling,Georgetown University
https://www.npr.org/2024/07/09/nx-s1-4998591/why-judicial-appointments-by-the-next-president-are-important-to-climate-change-law,DJ Gerken,Southern Environmental Law Center
https://www.npr.org/2024/07/09/nx-s1-4998591/why-judicial-appointments-by-the-next-president-are-important-to-climate-change-law,Damien Schiff,Pacific Legal Foundation
https://www.npr.org/2024/07/09/nx-s1-4998591/why-judicial-appointments-by-the-next-president-are-important-to-climate-change-law,Erik Schlenker-Goodrich,Western Environmental Law Center
https://www.npr.org/2024/06/05/nx-s1-4993991/joe-biden-climate-change-election-2024,David Horton,Prysmian’s plant director
https://www.npr.org/2024/06/05/nx-s1-4993991/joe-biden-climate-change-election-2024,Patrick Whitty,Invenergy senior vice president
https://www.npr.org/2024/06/05/nx-s1-4993991/joe-biden-climate-change-election-2024,Sittenfeld,League of Conservation Voters
https://www.businessinsider.com/scientists-pilot-project-inject-carbon-into-ocean-floor-holes-2024-6,David Goldberg,Columbia University
https://www.businessinsider.com/turbulence-more-frequent-stronger-expert-aviation-explains-why-2024-7,Guy Gratton,Cranfield University
https://www.npr.org/2024/07/07/nx-s1-4978880/floridas-warmer-temperatures-cause-damage-even-as-its-lawmakers-deny-climate-change,Erika Benitez,Miami-Dade Emergency Management
https://www.npr.org/2024/07/07/nx-s1-4978880/floridas-warmer-temperatures-cause-damage-even-as-its-lawmakers-deny-climate-change,Gustavo Briand,University of Miami
https://www.npr.org/2024/07/12/g-s1-9545/ai-brings-soaring-emissions-for-google-and-microsoft-a-major-contributor-to-climate-change,Jesse Dodge,No institution mentioned for Jesse Dodge in the article
https://www.npr.org/2024/07/12/g-s1-9545/ai-brings-soaring-emissions-for-google-and-microsoft-a-major-contributor-to-climate-change,Alex Hanna,Distributed AI Research Institute (previously worked at Google)
https://www.npr.org/2024/07/16/g-s1-10851/up-first-newsletter-trump-vp-pick-jd-vance-heat-pumps,Danielle Kurtzleben,NPR
https://www.npr.org/2024/07/16/g-s1-10851/up-first-newsletter-trump-vp-pick-jd-vance-heat-pumps,Sarah Donaldson,Ohio Public Media
https://www.npr.org/2024/07/16/g-s1-10851/up-first-newsletter-trump-vp-pick-jd-vance-heat-pumps,Claudia Grisales,NPR
https://www.npr.org/2024/07/16/g-s1-10851/up-first-newsletter-trump-vp-pick-jd-vance-heat-pumps,Deepa Shivaram,NPR
https://www.bbc.com/news/articles/ckmmkdr0m2po,Prof Liz Bentley,Royal Meteorological Society
https://www.bbc.com/news/articles/ckmmkdr0m2po,Dr Ramit Debnath,University of Cambridge
https://www.npr.org/2024/07/02/nx-s1-5025129/record-temperatures-driven-by-climate-change-help-to-fuel-hurricane-beryl,Andra Garner,Rowan University in New Jersey
https://www.npr.org/2024/07/02/nx-s1-5025129/record-temperatures-driven-by-climate-change-help-to-fuel-hurricane-beryl,Jennifer Collins,School of Geosciences at the University of South Florida
https://www.wired.com/story/enough-with-the-arrogant-attitudes-towards-extreme-heat/,Marton,No institution mentioned in the article for Marton
https://www.wired.com/story/enough-with-the-arrogant-attitudes-towards-extreme-heat/,Ellison,US District Judge
https://www.wired.com/story/enough-with-the-arrogant-attitudes-towards-extreme-heat/,Barak,No institution mentioned in the article for Barak
https://gizmodo.com/its-too-hot-to-fly-helicopters-and-thats-killing-people-2000469734,Kamala Harris,"US Senate, White House"
https://gizmodo.com/its-too-hot-to-fly-helicopters-and-thats-killing-people-2000469734,Zoya Teirstein,Grist
https://gizmodo.com/its-too-hot-to-fly-helicopters-and-thats-killing-people-2000469734,Ayurella Horn-Muller,Grist
https://gizmodo.com/its-too-hot-to-fly-helicopters-and-thats-killing-people-2000469734,Joseph Winters,Grist
https://gizmodo.com/its-too-hot-to-fly-helicopters-and-thats-killing-people-2000469734,Jake Bittle,Grist
https://gizmodo.com/its-too-hot-to-fly-helicopters-and-thats-killing-people-2000469734,Matt Novak,GIZMODO USA LLC
https://gizmodo.com/its-too-hot-to-fly-helicopters-and-thats-killing-people-2000469734,Kevin Feige,Marvel
https://gizmodo.com/its-too-hot-to-fly-helicopters-and-thats-killing-people-2000469734,Kylie Mohr,Grist
https://blog.google/outreach-initiatives/sustainability/2024-environmental-report/,Marta McAlister,Google
https://blog.google/outreach-initiatives/sustainability/2024-environmental-report/,Ayça Çakmakli,Google
https://blog.google/outreach-initiatives/sustainability/2024-environmental-report/,Heather Adkins,Google
https://blog.google/outreach-initiatives/sustainability/2024-environmental-report/,Phil Venables,Google
https://www.npr.org/2024/07/05/nx-s1-5020132/morning-news-brief,Alex Hager,KUNC (member station)
https://www.npr.org/2024/07/05/nx-s1-5020132/morning-news-brief,Ayesha Rascoe,NPR (Weekend Edition host)
https://www.npr.org/2024/07/05/nx-s1-5020132/morning-news-brief,Gustavo Briand,None mentioned (hairdresser)
https://www.npr.org/2024/07/05/nx-s1-5020132/morning-news-brief,Holly Raschein,"Monroe County, Florida Keys (mayor)"
https://www.npr.org/2024/07/10/nx-s1-5011975/brazil-has-to-deal-with-about-47-million-tons-of-trash-left-after-devastating-floods,Fabio Teixeira,Toyota Showroom in Porto Alegre
https://www.npr.org/2024/06/25/nx-s1-5017619/people-in-the-upper-midwest-are-grappling-with-catastrophic-flooding,Nicholas Pinter,No institution mentioned
https://www.npr.org/2024/06/25/nx-s1-5017619/people-in-the-upper-midwest-are-grappling-with-catastrophic-flooding,Rebecca Hersher,NPR's climate desk
https://www.wired.com/story/kings-speech-starmer-labour-climate-environment-policy/,Matt Reynolds,WIRED
https://yro.slashdot.org/story/24/07/16/2349233/puerto-rico-files-1-billion-suit-against-fossil-fuel-companies,Climate alarmists,No institution specified
https://yro.slashdot.org/story/24/07/16/2349233/puerto-rico-files-1-billion-suit-against-fossil-fuel-companies,Carbon credit brokers,No institution specified
https://yro.slashdot.org/story/24/07/16/2349233/puerto-rico-files-1-billion-suit-against-fossil-fuel-companies,Sen. Daniel Patrick Moynihan,U.S. Senate (mentioned in a historical context)
https://yro.slashdot.org/story/24/07/16/2349233/puerto-rico-files-1-billion-suit-against-fossil-fuel-companies,AOC ( Alexandria Ocasio-Cortez),U.S. House of Representatives
https://yro.slashdot.org/story/24/07/16/2349233/puerto-rico-files-1-billion-suit-against-fossil-fuel-companies,Bernie Sanders,"No institution specified, but likely referring to his role as a U.S. Senator or presidential candidate"
https://time.com/6994715/hurricane-beryl-extreme-weather-climate-change/,Alex Hall,"University of California, Los Angeles (UCLA)"
https://time.com/6994715/hurricane-beryl-extreme-weather-climate-change/,Marcus C. Sarofim,U.S. Environmental Protection Agency’s (EPA) Climate Science & Impacts Branch
https://time.com/6994715/hurricane-beryl-extreme-weather-climate-change/,Steve Vavrus,Wisconsin State Climatology Office
https://www.npr.org/2024/07/15/g-s1-8939/dont-think-heat-pumps-are-sexy-this-slow-jam-could-change-your-mind,Mike Roberts,The Switch Is On
https://www.npr.org/2024/07/15/g-s1-8939/dont-think-heat-pumps-are-sexy-this-slow-jam-could-change-your-mind,Will Hammond Jr.,No institution mentioned in the article for this expert
https://science.slashdot.org/story/24/06/27/1543255/sharp-rise-in-number-of-climate-lawsuits-against-companies-report-says,,WEF (World Economic Forum)
https://science.slashdot.org/story/24/06/27/1543255/sharp-rise-in-number-of-climate-lawsuits-against-companies-report-says,,Erasmus public health group
https://www.npr.org/2024/07/11/nx-s1-5034292/temperature-records-heatwave-climate-change,Joellen Russell,The University of Arizona
https://www.npr.org/2024/07/11/nx-s1-5034292/temperature-records-heatwave-climate-change,Katharine Hayhoe,The Nature Conservancy
https://www.wired.com/story/dial-up-imran-ahmed/,Riccardo Piccolo,N/A
https://www.wired.com/story/dial-up-imran-ahmed/,Dhruv Mehrotra,N/A
https://www.wired.com/story/dial-up-imran-ahmed/,Angela Watercutter,N/A
https://www.wired.com/story/dial-up-imran-ahmed/,Paresh Dave,N/A
https://consent.yahoo.com/v2/collectConsent?sessionId=1_cc-session_7dad1a49-5fbe-42a0-bd24-98ed5e239755,N/A,N/A
https://www.wired.com/story/pooping-on-the-moon-is-a-messy-business/,David Munns,"John Jay College, City University of New York"
https://www.wired.com/story/pooping-on-the-moon-is-a-messy-business/,Kärin Nickelsen,Ludwig Maximilian University of Munich
https://www.wired.com/story/pooping-on-the-moon-is-a-messy-business/,Michael Rapley,NASA’s Johnson Space Center
https://www.wired.com/story/pooping-on-the-moon-is-a-messy-business/,Riccardo Piccolo,"No specific institution mentioned, but listed as the author of an article ""Why Paris 2024 Olympic Athletes Are Sleeping on Cardboard Beds"""
https://www.wired.com/story/pooping-on-the-moon-is-a-messy-business/,Dhruv Mehrotra,"No specific institution mentioned, but listed as the author of an article ""J.D. Vance Left His Venmo Public. Here’s What It Shows"""
https://www.wired.com/story/pooping-on-the-moon-is-a-messy-business/,Angela Watercutter,"No specific institution mentioned, but listed as the author of an article ""The 29 Best Shows on Apple TV+ Right Now"""
https://www.wired.com/story/pooping-on-the-moon-is-a-messy-business/,Paresh Dave,"No specific institution mentioned, but listed as the author of an article ""Here’s What Happens When You Give People Free Money"""
https://www.businessinsider.com/biden-trump-climate-policies-ev-subsidies-renewables-fossil-fuel-drilling-2024-7,Maibach,N/A (Only Last name is mentioned)
https://www.businessinsider.com/biden-trump-climate-policies-ev-subsidies-renewables-fossil-fuel-drilling-2024-7,Alec Tyson,Pew Research Center
https://www.npr.org/2024/07/08/nx-s1-5032616/june-13th-straight-monthly-heat-record-climate-warming,Nicolas Nicolas,(no institution mentioned)
https://www.npr.org/2024/07/08/nx-s1-5032616/june-13th-straight-monthly-heat-record-climate-warming,Julien Julien,Copernicus
https://www.npr.org/2024/07/08/nx-s1-5032616/june-13th-straight-monthly-heat-record-climate-warming,Tianle Yuan,NASA and University of Maryland Baltimore Campus
https://www.npr.org/2024/07/08/nx-s1-5032616/june-13th-straight-monthly-heat-record-climate-warming,Zeke Hausfather,Stripes and Berkeley Earth climate-monitoring group
https://www.npr.org/2024/07/08/nx-s1-5032616/june-13th-straight-monthly-heat-record-climate-warming,Andrew Weaver,University of Victoria
https://www.npr.org/2024/07/08/nx-s1-5032616/june-13th-straight-monthly-heat-record-climate-warming,Andrea Dutton,University of Wisconsin
https://www.theverge.com/24188803/best-tech-reads-articles-books,Jay Peters,The Verge
https://www.theverge.com/24188803/best-tech-reads-articles-books,Wes Davis,The Verge
https://www.theverge.com/24188803/best-tech-reads-articles-books,Dennis Yi Tenen,Microsoft/ Literature Professor
https://www.theverge.com/24188803/best-tech-reads-articles-books,Kevin Nguyen,The Verge
https://www.theverge.com/24188803/best-tech-reads-articles-books,Joanna Nelius,The Verge
https://www.theverge.com/24188803/best-tech-reads-articles-books,Andrew Chow,Time Magazine
https://www.theverge.com/24188803/best-tech-reads-articles-books,David Pierce,The Verge
https://smartwatermagazine.com/news/university-california-riverside/climate-change-shift-tropical-rains-northward-suggests-computer,No specific expert name is mentioned,"No specific institution is mentioned other than iAgua Conocimiento, SL which seems to be the organization sending newsletters."
https://www.businessinsider.com/lauren-sanchez-jeff-bezos-earth-fund-philanthropy-2024-7,Eva Longoria,Elle Women In Hollywood celebration
https://www.businessinsider.com/lauren-sanchez-jeff-bezos-earth-fund-philanthropy-2024-7,Lauren Sánchez,Bezos Earth Fund
https://www.businessinsider.com/lauren-sanchez-jeff-bezos-earth-fund-philanthropy-2024-7,Jeff Bezos,Amazon and Bezos Earth Fund
https://www.businessinsider.com/lauren-sanchez-jeff-bezos-earth-fund-philanthropy-2024-7,Robin L Marshall,Getty Images
https://www.businessinsider.com/lauren-sanchez-jeff-bezos-earth-fund-philanthropy-2024-7,Cindy Ord,MG24/Getty Images
https://www.bbc.com/news/articles/cmj277pmpd1o,David Braine,BBC South West
https://www.theatlantic.com/science/archive/2024/07/climate-push-alert-emergency-warning/678936/?utm_source=feed,Zoë Schlanger,The Atlantic
https://www.theatlantic.com/science/archive/2024/07/climate-push-alert-emergency-warning/678936/?utm_source=feed,Jeannette Sutton,University at Albany’s College of Emergency Preparedness
https://www.theatlantic.com/science/archive/2024/07/climate-push-alert-emergency-warning/678936/?utm_source=feed,Chris Maier,National Weather Service
https://time.com/6996467/jim-inhofe-dies-obituary/,Dr. Perry Dyson Inhofe II,"No institution name is provided for Dr. Perry Dyson Inhofe II, however it is mentioned that he was an Army veteran and licensed pilot."
https://time.com/6996467/jim-inhofe-dies-obituary/,Sen. James Inhofe,United States Senate
https://time.com/6996467/jim-inhofe-dies-obituary/,President Donald Trump,The White House
https://time.com/6996467/jim-inhofe-dies-obituary/,Sen. John McCain,United States Senate
https://www.scientificamerican.com/article/the-gas-industry-is-gaslighting-the-public-about-climate-change/,Darren Woods,ExxonMobil
https://www.scientificamerican.com/article/the-gas-industry-is-gaslighting-the-public-about-climate-change/,Naomi Oreskes,Harvard University
https://abcnews.go.com/Politics/biden-trump-climate-environmental-policy-addressed-debate/story?id=111416347,Manish Bapna,Natural Resources Defense Council (NRDC) Action Fund
https://abcnews.go.com/Politics/biden-trump-climate-environmental-policy-addressed-debate/story?id=111416347,Ben Edgerly Walsh,Vermont Public Interest Research Group
https://abcnews.go.com/Politics/biden-trump-climate-environmental-policy-addressed-debate/story?id=111416347,Alys Campaigne,Southern Environmental Law Center
https://www.sciencedaily.com/releases/2024/07/240709184224.htm,Laughlin,No institution listed
https://www.npr.org/2024/07/03/nx-s1-5027778/hurricane-beryl-jamaica-damage-carribean,Michael Brennan,National Hurricane Center (NHC)
https://www.npr.org/2024/07/03/nx-s1-5027778/hurricane-beryl-jamaica-damage-carribean,Andrew Holness,Jamaican Government
https://www.npr.org/2024/07/03/nx-s1-5027778/hurricane-beryl-jamaica-damage-carribean,Joe Raedle,Getty Images
https://time.com/6993383/trump-biden-climate-change-debate/,Justin Worland,TIME
https://www.npr.org/2024/07/23/nx-s1-5046808/heres-how-4-billion-in-government-money-is-being-spent-to-reduce-climate-pollution,Jaglom-Kurtz,EPA Office of Air Quality Planning and Standards
https://www.npr.org/2024/07/23/nx-s1-5046808/heres-how-4-billion-in-government-money-is-being-spent-to-reduce-climate-pollution,Cara Serra,Tampa Bay Regional Planning Council
https://www.npr.org/2024/07/23/nx-s1-5046808/heres-how-4-billion-in-government-money-is-being-spent-to-reduce-climate-pollution,Drew Veysey,Rocky Mountain Institute (RMI)
https://www.businessinsider.com/what-are-kamala-harris-policy-stances-issues-2024-7,Sen. Bernie Sanders,Senator from Vermont
https://www.businessinsider.com/what-are-kamala-harris-policy-stances-issues-2024-7,Kamala Harris,US Vice President under Joe Biden
https://www.businessinsider.com/what-are-kamala-harris-policy-stances-issues-2024-7,Alejandro Giammattei,President of Guatemala (former)
https://www.bbc.com/news/articles/cqe6773r0ndo,Clarisse Loughrey,The Independent
https://www.bbc.com/news/articles/cqe6773r0ndo,Owen Gleiberman,Variety
https://www.bbc.com/news/articles/cqe6773r0ndo,Peter Bradshaw,The Guardian
https://www.bbc.com/news/articles/ce98l84mrmqo,Ajinkya Rahane,Leicestershire cricket team
https://www.businessinsider.com/scotus-chevron-doctrine-bidens-climate-policies-at-risk-2024-6,David Doniger,Natural Resources Defense Council
https://www.businessinsider.com/scotus-chevron-doctrine-bidens-climate-policies-at-risk-2024-6,Paul DeCamp,Epstein Becker Green
https://gizmodo.com/republicans-project-2025-would-end-free-weather-reports-2000475779,Steven R. Smith,AccuWeather
https://www.bbc.com/news/articles/c98qp79gj4no,Prof Bentley,Natural Environment Research Council
https://www.bbc.com/news/articles/c98qp79gj4no,Dr Ramit Debnath,University of Cambridge
https://grist.org/politics/these-supreme-court-decisions-just-made-it-harder-to-solve-climate-change/,Sam Sankar,Earthjustice
https://grist.org/politics/these-supreme-court-decisions-just-made-it-harder-to-solve-climate-change/,Burger,No institution specified in the text snippet
https://grist.org/politics/these-supreme-court-decisions-just-made-it-harder-to-solve-climate-change/,Elena Kagan,US Supreme Court (Justice)
https://grist.org/politics/these-supreme-court-decisions-just-made-it-harder-to-solve-climate-change/,Ketanji Brown Jackson,US Supreme Court (Justice)
https://www.sciencedaily.com/releases/2024/07/240723123353.htm,Nathalie Pettorelli,ZSL's Institute of Zoology
https://shojiwax.com/2024/01/28/another-climate-truth-bomb/comment-page-1/#comments,Sabine Hossenfelder,None mentioned in the article ( YouTube channel )
https://shojiwax.com/2024/01/28/another-climate-truth-bomb/comment-page-1/#comments,Lewis,None mentioned in the article ( commenter )
https://shojiwax.com/2024/01/28/another-climate-truth-bomb/comment-page-1/#comments,MWT,None mentioned in the article ( commenter )
https://shojiwax.com/2024/01/28/another-climate-truth-bomb/comment-page-1/#comments,Dave Spector,None mentioned in the article ( commenter )
https://shojiwax.com/2024/01/28/another-climate-truth-bomb/comment-page-1/#comments,Karl,None mentioned in the article ( commenter )
https://yro.slashdot.org/story/24/07/09/2233206/oregon-county-seeks-to-hold-fossil-fuel-companies-accountable-for-extreme-heat,Dr. Peter Gleick,Pacific Institute
https://yro.slashdot.org/story/24/07/09/2233206/oregon-county-seeks-to-hold-fossil-fuel-companies-accountable-for-extreme-heat,Professor Michael Gerrard,Columbia Law School
https://www.sciencedaily.com/releases/2024/07/240708101020.htm,Shunsuke Managi,Kyushu University's Faculty of Engineering
https://www.sciencedaily.com/releases/2024/07/240708101020.htm,Alexander Ryota Keeley,Kyushu University's Faculty of Engineering
https://www.sciencedaily.com/releases/2024/07/240708101020.htm,Hidemichi Fujii,Kyushu University's Faculty of Economics
https://www.npr.org/2024/06/28/nx-s1-5022816/tractor-supply-dei-climate-backlash,Frank Dobbin,Harvard University
https://grist.org/politics/biden-trump-presidential-debate-climate-change-question-cnn-tapper-bash/,Jeff Goodell,Author of The Heat Will Kill You First
https://grist.org/politics/biden-trump-presidential-debate-climate-change-question-cnn-tapper-bash/,Nicholas Kristof,New York Times opinion columnist
https://www.bbc.com/news/articles/c04783n9x94o,Rikke Holm Petersen,Copenhagen Tourist Board
https://www.bbc.com/news/articles/c04783n9x94o,Othy Jasper,None (private individual)
https://thenextweb.com/news/supercritical-launches-world-first-live-pricing-availability-biochar-carbon-removal,Martin Farley,N/A - Not Mentioned in the text
https://thenextweb.com/news/supercritical-launches-world-first-live-pricing-availability-biochar-carbon-removal,Linnea Ahlgren,The Next Web (TNW)
https://thenextweb.com/news/supercritical-launches-world-first-live-pricing-availability-biochar-carbon-removal,Michelle You,Supercritical
https://thenextweb.com/news/supercritical-launches-world-first-live-pricing-availability-biochar-carbon-removal,Aaron Randall,Supercritical
https://markets.businessinsider.com/news/bonds/jamaica-hurricane-beryl-catastrophe-bonds-climate-disaster-natural-damage-investing-2024-7,Filip De Mott,Business Insider
https://kottke.org/24/06/0044857-explore-present-and-futur,Jason Kottke,kottke.org
https://www.npr.org/2024/06/28/g-s1-5121/lebanon-ancient-amber-cretaceous-dinosaurs-flowers,Dany Azar,American University of Beirut
https://www.npr.org/2024/06/28/g-s1-5121/lebanon-ancient-amber-cretaceous-dinosaurs-flowers,Marina Hakim,no institution listed in the text snippet provided
https://www.npr.org/2024/06/28/g-s1-5121/lebanon-ancient-amber-cretaceous-dinosaurs-flowers,Sibelle Maksoud,Lebanese University
https://flowingdata.com/2024/06/25/changing-climate-zones-of-major-cities/,Derek Taylor,Pudding
https://www.npr.org/2024/07/19/nx-s1-5046378/soda-cans-explode-southwest-airlines-flights-extreme-heat,Chris Perry,Southwest Airlines
https://www.npr.org/2024/07/19/nx-s1-5046378/soda-cans-explode-southwest-airlines-flights-extreme-heat,Bill Bernal,TWU Local 556 (union representing Southwest flight attendants)
https://www.npr.org/2024/07/19/nx-s1-5046378/soda-cans-explode-southwest-airlines-flights-extreme-heat,Rachel Treisman,"NPR (author of the article, but not an expert in a specific field related to the story)"
https://www.npr.org/2024/07/05/g-s1-8493/up-first-newsletter-biden-harris-newsom-whitmer-2024-uk-labour,Alex Hager,KUNC in Colorado
https://www.npr.org/2024/07/05/g-s1-8493/up-first-newsletter-biden-harris-newsom-whitmer-2024-uk-labour,Cynthia Campbell,Phoenix water department
https://www.npr.org/2024/07/05/g-s1-8493/up-first-newsletter-biden-harris-newsom-whitmer-2024-uk-labour,John Burnett,NPR
https://www.npr.org/2024/07/05/g-s1-8493/up-first-newsletter-biden-harris-newsom-whitmer-2024-uk-labour,Lauren Frayer,NPR
https://www.npr.org/2024/07/05/g-s1-8493/up-first-newsletter-biden-harris-newsom-whitmer-2024-uk-labour,Ayesha Roscoe,NPR
https://www.npr.org/2024/07/05/g-s1-8493/up-first-newsletter-biden-harris-newsom-whitmer-2024-uk-labour,Holly Raschein,Monroe County
https://ca.news.yahoo.com/seasonal-allergies-seem-worse-experts-110000946.html,Matthew Corbett,Conservation Officer
https://news.slashdot.org/story/24/07/11/1831255/renewables-growth-rate-insufficient-to-reach-2030-target-says-irena,Geoffrey Landis,N/A
https://www.fastcompany.com/91146390/kenya-catastrophic-flooding-local-groups,,
https://www.theatlantic.com/technology/archive/2024/06/climate-change-trump-polarization-electric-vehicle/678837/?utm_source=feed,Marc Hetherington,No institution mentioned in the article
https://www.theatlantic.com/technology/archive/2024/06/climate-change-trump-polarization-electric-vehicle/678837/?utm_source=feed,Jonathan Weiler,No institution mentioned in the article
https://www.theatlantic.com/technology/archive/2024/06/climate-change-trump-polarization-electric-vehicle/678837/?utm_source=feed,Nick Loris,Conservative Coalition for Climate Solutions
https://www.theatlantic.com/technology/archive/2024/06/climate-change-trump-polarization-electric-vehicle/678837/?utm_source=feed,Keith Smith,ETH Zürich
https://www.theatlantic.com/technology/archive/2024/06/climate-change-trump-polarization-electric-vehicle/678837/?utm_source=feed,Megan Mullin,UCLA
https://www.npr.org/2024/07/09/nx-s1-5033210/hurricane-beryl-dangerous-floods-inland-midwest,Rebecca Hersher,NPR
https://www.npr.org/2024/07/09/nx-s1-5033210/hurricane-beryl-dangerous-floods-inland-midwest,Julia Simon,NPR
https://gizmodo.com/albuquerque-was-drought-proof-until-its-dam-started-leaking-2000377686,Ayurella Horn-Muller,Grist
https://gizmodo.com/albuquerque-was-drought-proof-until-its-dam-started-leaking-2000377686,Ed Cara,
https://gizmodo.com/albuquerque-was-drought-proof-until-its-dam-started-leaking-2000377686,Matthew Gault,
https://gizmodo.com/albuquerque-was-drought-proof-until-its-dam-started-leaking-2000377686,Joseph Winters,Grist
https://disconnect.blog/generative-ai-is-a-climate-disaster/,Paris Marx,Tech Critic
https://disconnect.blog/generative-ai-is-a-climate-disaster/,Sam Altman,OpenAI CEO
https://disconnect.blog/generative-ai-is-a-climate-disaster/,Brad Smith,Microsoft President
https://disconnect.blog/generative-ai-is-a-climate-disaster/,Elon Musk,Billionaire Philanthropist and Entrepreneur
https://disconnect.blog/generative-ai-is-a-climate-disaster/,Bill Gates,Billionaire Philanthropist
https://www.sciencedaily.com/releases/2024/07/240709121735.htm,Miguel D. Mahecha,German Centre for Integrative Biodiversity Research (iDiv) Halle-Jena-Leipzig
https://www.sciencedaily.com/releases/2024/07/240710130836.htm,Researchers from the University of Massachusetts Amherst,University of Massachusetts Amherst
https://www.newscientist.com/article/2439335-melting-sea-ice-is-hindering-not-helping-canadian-arctic-shipping/,Alison Cook,Scottish Association for Marine Science
https://www.newscientist.com/article/2439335-melting-sea-ice-is-hindering-not-helping-canadian-arctic-shipping/,Amanda Lynch,Brown University in Rhode Island
https://www.newscientist.com/article/2439335-melting-sea-ice-is-hindering-not-helping-canadian-arctic-shipping/,James Dinneen,New Scientist
https://www.bbc.com/news/articles/c51yqvg0z04o,Arwyn Evans,Cynefin Group
https://www.bbc.com/news/articles/c51yqvg0z04o,Jeremy Miles,Welsh government (Energy Secretary)
https://www.bbc.com/news/articles/c51yqvg0z04o,Richard Evans,Trydan Gwyrdd Cymru
https://phys.org/news/2024-07-tree-reveal-north-atlantic-sea.html,No specific expert name listed,Chinese Academy of Sciences
https://www.sciencedaily.com/releases/2024/07/240711111528.htm,Douglas MacAyeal,University of Chicago
https://www.sciencedaily.com/releases/2024/07/240711111528.htm,John Moore,Arctic Center at the University of Lapland
